Abel,Man
Abraham,Man
Adam,Man
Adel,Man
Adem,Man
Adnan,Man
Adolf,Man
Adrian,Man
Adriano,Man
Agaton,Man
Agust,Man
Ahmed,Man
Aksel,Man
Albert,Man
Albin,Man
Aleksander,Man
Alex,Man
Alexander,Man
Alexis,Man
Alf,Man
Alfons,Man
Alfred,Man
Algot,Man
Ali,Man
Allan,Man
Alrik,Man
Alvar,Man
Alve,Man
Alvin,Man
Amadeus,Man
Amandus,Man
Amel,Man
Amir,Man
Amos,Man
Anas,Man
Anders,Man
André,Man
Andreas,Man
Andréas,Man
Andrej,Man
Andrew,Man
Andy,Man
Angelo,Man
Anselm,Man
Ansgar,Man
Ante,Man
Anthon,Man
Anthony,Man
Anton,Man
Antonio,Man
Aram,Man
Arne,Man
Arnold,Man
Arnulf,Man
Aron,Man
Arthur,Man
Artin,Man
Artur,Man
Arve,Man
Arvid,Man
Assar,Man
Dan,Man
Daniel,Man
Danilo,Man
Danny,Man
Dante,Man
David,Man
Denis,Man
Deniz,Man
Dennis,Man
Denniz,Man
Dick,Man
Didrik,Man
Dilan,Man
Dominic,Man
Gerd,Man
Gerhard,Man
Germund,Man
Gert,Man
Gilbert,Man
Glenn,Man
Göran,Man
Gordon,Man
Gösta,Man
Göte,Man
Gottfrid,Man
Gotthard,Man
Greger,Man
Grim,Man
Gudmar,Man
Gudmund,Man
Gunder,Man
Gunnar,Man
Gustaf,Man
Jarl,Man
Jasper,Man
Jens,Man
Jerry,Man
Jesper,Man
Jim,Man
Jimmie,Man
Jimmy,Man
Joachim,Man
Joacim,Man
Joakim,Man
Joar,Man
Joel,Man
Johan,Man
Johannes,Man
John,Man
Johnny,Man
Jon,Man
Jona,Man
Jonas,Man
Jonatan,Man
Jonathan,Man
Jonny,Man
Jörgen,Man
Josef,Man
Joseph,Man
Julian,Man
Julius,Man
Teddy,Man
Teo,Man
Teodor,Man
Theo,Man
Theodor,Man
Theodore,Man
Thomas,Man
Thor,Man
Thure,Man
Tibirtus,Man
Tim,Man
Timmie,Man
Timmy,Man
Timothy,Man
Tino,Man
Manda,Kvinna
Maram,Kvinna
Maria,Kvinna
Mariam,Kvinna
Marie,Kvinna
Marielle,Kvinna
Marika,Kvinna
Marina,Kvinna
Marion,Kvinna
Marta,Kvinna
Martina,Kvinna
Marwa,Kvinna
Mary,Kvinna
Maryam,Kvinna
Maryama,Kvinna
Maryan,Kvinna
Mathilda,Kvinna
Mathilde,Kvinna
Matilda,Kvinna
Matilde,Kvinna
Maya,Kvinna
Medina,Kvinna
Meija,Kvinna
Meja,Kvinna
Melanie,Kvinna
Melek,Kvinna
Melina,Kvinna
Melinda,Kvinna
Melisa,Kvinna
Melissa,Kvinna
Melody,Kvinna
Merve,Kvinna
Meya,Kvinna
Mia,Kvinna
Micaela,Kvinna
Michaela,Kvinna
Michelle,Kvinna
Mika,Kvinna
Mikaela,Kvinna
Mila,Kvinna
Milena,Kvinna
Miley,Kvinna
Milia,Kvinna
Milla,Kvinna
Millie,Kvinna
Milly,Kvinna
Milou,Kvinna
Mimmi,Kvinna
Mina,Kvinna
Minea,Kvinna
Minelle,Kvinna
Minja,Kvinna
Minna,Kvinna
Minnah,Kvinna
Minou,Kvinna
Mira,Kvinna
Miranda,Kvinna
Mirella,Kvinna
Miriam,Kvinna
Mirjam,Kvinna
Mirna,Kvinna
Moa,Kvinna
Mollie,Kvinna
Molly,Kvinna
Mona,Kvinna
Monika,Kvinna
My,Kvinna
Myra,Kvinna
Märta,Kvinna
Märtha,Kvinna
Nada,Kvinna
Nadia,Kvinna
Nadin,Kvinna
Nadine,Kvinna
Nadja,Kvinna
Naemi,Kvinna
Naima,Kvinna
Najma,Kvinna
Nancy,Kvinna
Nanna,Kvinna
Naomi,Kvinna
Narin,Kvinna
Natali,Kvinna
Natalia,Kvinna
Natalie,Kvinna
Natasha,Kvinna
Nathalie,Kvinna
Nawal,Kvinna
Nea,Kvinna
Neah,Kvinna
Nejla,Kvinna
Nelia,Kvinna
Nell,Kvinna
Nella,Kvinna
Nelli,Kvinna
Nellie,Kvinna
Nelly,Kvinna
Nemi,Kvinna
Nicole,Kvinna
Nicolina,Kvinna
Nike,Kvinna
Niki,Kvinna
Nikita,Kvinna
Nikki,Kvinna
Nikolina,Kvinna
Nilla,Kvinna
Nina,Kvinna
Ninja,Kvinna
Ninni,Kvinna
Nisa,Kvinna
Noa,Kvinna
Noelia,Kvinna
Noelle,Kvinna
Nomi,Kvinna
Noomi,Kvinna
Noor,Kvinna
Nor,Kvinna
Nora,Kvinna
Norah,Kvinna
Norea,Kvinna
Nour,Kvinna
Nova,Kvinna
Nowa,Kvinna
Novalee,Kvinna
Safa,Kvinna
Saga,Kvinna
Sally,Kvinna
Salma,Kvinna
Sama,Kvinna
Samantha,Kvinna
Samira,Kvinna
Sana,Kvinna
Sandra,Kvinna
Sandy,Kvinna
Sanja,Kvinna
Aphrodite,Kvinna